timestamp,scenario_id,label,level_real,flow_in_real,flow_out_real,pressure_real,pump_current,valve_position,valve_commanded,pump_state,controller_setpoint,is_valve_clogged,is_filling,filling_rate,auth_ok,hash,replay_flag,bounds_issue,inconsistency_issue,anomaly_flag,anomaly_score
0.0,realtime_stream,0,2.0,0.0,1.9212452205721666,20.381514928204012,0.9765846625276664,50.0,50.0,0,1.0,0,0,0.0,1,0e9ea572497c0d6150b12fa6c8c9ba2606b4a37233325175268d347605086557,0,,,1,-0.06718781548452057
0.1,realtime_stream,0,1.8410540327968499,0.007896064077536957,1.5698831499823471,17.848971704246335,1.0542560043585965,50.0,50.0,0,1.0,0,0,0.0,1,3f4580c1832de95c58b66a23d083d59d6077d71cf054adfb32fe0d73c59c586f,0,,,1,-0.07586805153672893
0.2,realtime_stream,0,1.6884128429343894,0.0,1.5046936363961068,15.652151142522364,0.8275082167486967,50.0,50.0,0,1.0,0,0,0.0,1,ee3b9a8c9d16e42141d951b024fda64a6505013fbf4bc0bf4a509570a395f9ed,0,,,1,-0.028229921184423912
0.30000000000000004,realtime_stream,0,1.5433374030528362,0.0,1.442438651835659,14.741288292806257,0.8587696298664709,50.0,50.0,0,1.0,0,0,0.0,1,c416266addb15ac8b05da60382d1f117cc4df6ac78236a6be146064f985f5f7d,0,,,1,-0.014082807409147247
0.4,realtime_stream,0,1.42579758952695,0.0,1.3785294060985536,13.130920115921446,0.9455617275474817,50.0,50.0,0,1.0,0,0,0.0,1,9561a161bc5bc70b459dfae1707f546945c201e328661092ba3d35f5a64df1f2,0,,,0,0.011139424830134637
0.5,realtime_stream,0,1.2807052109068595,0.0,1.3173296583714642,12.25251726798635,0.9708306250206723,50.0,50.0,0,1.0,0,0,0.0,1,39be68566ded191e2ccddda071d520d1972641070c0211ea7d93d9371c7ec469,0,,,0,0.020724072081586775
0.6,realtime_stream,0,1.1483150144050416,0.00926139092254469,1.2525715587005644,10.795142245495212,1.082254491210319,50.0,50.0,0,1.0,0,0,0.0,1,f8cb1ff77e947a103823ecbfcdcb6ae994cb321532414ea867d529189d8b75bf,0,,,1,-0.029403852720416235
0.7,realtime_stream,0,1.0231488688125974,0.0010443179750237771,1.1799494015308818,9.49276214066452,1.0196861235869124,50.0,50.0,0,1.0,0,0,0.0,1,81bb39dbd39d79db9007b94ee5cfce9125bec9571f0fd3d44b9a6b63a73fa824,0,,,1,-0.004891441827223453
0.7999999999999999,realtime_stream,0,0.9300651369519419,0.0008568414059498525,1.126190100191255,8.900943574206355,0.8521478009632573,50.0,50.0,0,1.0,0,0,0.0,1,ba61b54840088408722566f40fb8d8bc51af06c5aabc71310fd208af3b6fb507,0,,,1,-0.041593173764940095
0.8999999999999999,realtime_stream,0,0.8091130050173273,0.0,1.0689758516382288,8.179824440847732,0.8236959844637266,50.0,50.0,0,1.0,0,0,0.0,1,06dcf813b3471659227afe40e419831765cd173d2714c519e5f6e1197fc376f7,0,,,1,-0.04970391658648354
0.9999999999999999,realtime_stream,0,0.7435022037363893,0.2380745885979184,0.9971162205867998,7.567802125676784,8.303099952249594,50.0,50.0,1,1.0,0,0,0.0,1,a234eb50d5a90b34a6025f1a310252e49603e6b14cfb7751d5b2e4424006de79,0,,,0,0.04059402669046197
1.0999999999999999,realtime_stream,0,0.6782984864033245,0.2358039123838868,0.951210726423532,6.728381287633096,8.297554512712235,50.0,50.0,1,1.0,0,0,0.0,1,85e1aca2f58da251a00177bb7c3fee6d631765f228c0bd931bf391ab246c6f5b,0,,,0,0.055242807975366515
1.2,realtime_stream,0,0.5976211159764554,0.2390717051166809,0.9001965937025116,5.311566828421315,8.28125258223942,50.0,50.0,1,1.0,0,0,0.0,1,d808d909b56f94d64b07dd72079378ab038030dcbc995aacdb1ae1a09f738ac7,0,,,0,0.08255482133442882
1.3,realtime_stream,0,0.5540270900994716,0.23963994939209832,0.8644993499009099,5.482776619596836,8.135488024539487,50.0,50.0,1,1.0,0,0,0.0,1,d5bd66d024d275f3b253ac8a4056e069e159149174631a2ddc07db5c62c64daa,0,,,0,0.09187691359348782
1.4000000000000001,realtime_stream,0,0.48666950474304227,0.24769018283232982,0.8139122810625027,5.5210967605358725,7.938025489591025,50.0,50.0,1,1.0,0,0,0.0,1,d73e1b8f1d120cbc4c3f49be015c2d7f6f3d234fc2f9048972e408ba4b662d40,0,,,0,0.023560201857992236
1.5000000000000002,realtime_stream,0,0.43831049986743204,0.24043523534119085,0.7681457018904537,4.26507775628805,8.00124310853991,50.0,50.0,1,1.0,0,0,0.0,1,ae543c7bf05d38f503869fff74c1beb17e1b30cbc42600c7b1585ce95f4f3a54,0,,,0,0.0845907993235987
1.6000000000000003,realtime_stream,0,0.3792724679751135,0.24178556285755873,0.7336123499256194,3.4830776138958996,8.11915063971068,50.0,50.0,1,1.0,0,0,0.0,1,04e67c11d9b88123fe80669e0cde5be779534b3b1f5e43c4b22b65bac069be37,0,,,0,0.1146646317574116
1.7000000000000004,realtime_stream,0,0.3320574214608276,0.24250724165762402,0.6897328828328165,3.435264105534502,8.231451289586316,50.0,50.0,1,1.0,0,0,0.0,1,d99112d84292c76be8aac789e47c98d0f6e12251ce314c9af6f4b705c2c84b77,0,,,0,0.13072101902240163
1.8000000000000005,realtime_stream,0,0.2977543831451945,0.24484322495266445,0.6394035769802026,2.7476161177644314,8.160789184686784,50.0,50.0,1,1.0,0,0,0.0,1,07edbca523d23891c458ef76f12093257f954dfe18228f9b8fb759cc3dceb3e0,0,,,0,0.12984675532186174
1.9000000000000006,realtime_stream,0,0.24582177262552687,0.22672411976218265,0.6049944451681039,2.357324180078033,8.171086314353005,50.0,50.0,1,1.0,0,0,0.0,1,928df16aea75f95128d1005c0aa9eb72f78498e5f8e3fe3f65390671b3c3562e,0,,,0,0.0691088746990981
2.0000000000000004,realtime_stream,0,0.22632988086500375,0.24202025428407267,0.5745727707578948,2.323407166016042,8.225755039072276,50.0,50.0,1,1.0,0,0,0.0,1,d617828ec218a7ca3663fbb22a104eb338d53f291497aa1e8384ab0906a29de8,0,,,0,0.14652797040619203
2.1000000000000005,realtime_stream,0,0.1983291212318847,0.23990724597744179,0.5203240528112236,1.4166459064036212,8.100741382059681,50.0,50.0,1,1.0,0,0,0.0,1,9fb8712822e5db45769d592a2f63226565635bcf8e18fef615d5cb3cd83e5060,0,,,0,0.1499652247916714
2.2000000000000006,realtime_stream,0,0.174267990614006,0.2523162105624264,0.4931171139256007,1.8544340754949904,8.196528823029475,50.0,50.0,1,1.0,0,0,0.0,1,2f05a0a0a79acb01b978c20e632a2ed95772545c3e8d21713c86265050d33c5d,0,,,0,0.11368844903224895
2.3000000000000007,realtime_stream,0,0.13983158421371078,0.24383648419353202,0.45572427635942436,1.098727103648507,8.277314085588925,50.0,50.0,1,1.0,0,0,0.0,1,c406f78173b0b136f78445fe8e97de9852149bf038868d02a8a93ac450045771,0,,,0,0.16143943573158037
2.400000000000001,realtime_stream,0,0.14644185380197564,0.2329907446860386,0.4339788244419158,2.3942082767995387,8.10094636748693,50.0,50.0,1,1.0,0,0,0.0,1,a9c6121991f64a7f2b212778da56af65ce7bdbe2c729ba22f9d10664a00ccce6,0,,,0,0.11318221373521731
2.500000000000001,realtime_stream,0,0.11045545499183057,0.2485330247683923,0.40732273112574063,1.1436939936139585,8.163446070316745,50.0,50.0,1,1.0,0,0,0.0,1,22e54d8c3e11643171a66474f288fcb5bed5140e12105abc525111d56db0429f,0,,,0,0.15737876466486322
2.600000000000001,realtime_stream,0,0.09176076548592632,0.2423679621531759,0.37274917547554015,1.7793523062422378,8.121674670766376,50.0,50.0,1,1.0,0,0,0.0,1,99c7bab242cd241c13c174640156a4ea4457aba353afd1fe0a38892b97de4264,0,,,0,0.18219444580425942
2.700000000000001,realtime_stream,0,0.08773041478290466,0.238216274871159,0.35710833577492934,1.4141599092194004,8.252644816133468,50.0,50.0,1,1.0,0,0,0.0,1,c89622e6b91aa81ec431ceffa50ead59dded6d7ca329d716c3c56f88789a29fb,0,,,0,0.2045679819111762
2.800000000000001,realtime_stream,0,0.06548028460538999,0.2409231692926615,0.3352585439108336,1.1909671331779874,8.07630492891219,50.0,50.0,1,1.0,0,0,0.0,1,28f3c6fdca8cbb3088f310c41829a96b8fad6fe7eb8132df832c6da9a9e3ca5c,0,,,0,0.2155053111002032
2.9000000000000012,realtime_stream,0,0.06072667342329898,0.24308820422755573,0.3223241279535057,0.838409594775568,8.284740143257663,50.0,50.0,1,1.0,0,0,0.0,1,8f0d5c53d8331a6005adacc9de88f7d954fa6eba3ff479d5307a52a8abf20bf6,0,,,0,0.234309175631308
3.0000000000000013,realtime_stream,0,0.07075246703073679,0.23642824290986816,0.31042384511964144,0.9022477523968211,8.080869650279734,50.0,50.0,1,1.0,0,0,0.0,1,239454c2df2671d3517d0e772cc08bc700b3ffff60a336e8313b1db2bdf1f64b,0,,,0,0.22530566879619995
3.1000000000000014,realtime_stream,0,0.06954869112801487,0.23624410287668035,0.2827337322951313,1.002853430924244,8.32683895224039,50.0,50.0,1,1.0,0,0,0.0,1,f105987932e66f55e2ac67063cd9dc5baab63f2b80ed5b1e95359f4ebaba48fb,0,,,0,0.22279801512288266
3.2000000000000015,realtime_stream,0,0.06741291392862411,0.24948396491326974,0.27668148654995933,0.20380850176559828,8.111048557037448,50.0,50.0,1,1.0,0,0,0.0,1,4d872f0af8d1df5c082d269c5fbb84f54481827233fd13cbfa0b9b850a4166f5,0,,,0,0.20971790848941135
3.3000000000000016,realtime_stream,0,0.04809268521014893,0.24439336774095446,0.2682172701477899,1.1565112162099875,8.2537960003692,50.0,50.0,1,1.0,0,0,0.0,1,2cd406409e466f028850402c6c2e77af6368befb6063de423679db9f50434fb9,0,,,0,0.26007732712268306
3.4000000000000017,realtime_stream,0,0.05134064631131492,0.25360084583294806,0.2657640708999133,0.1010357974465016,8.092910750193887,50.0,50.0,1,1.0,0,0,0.0,1,eca22ccb5bf398a8dab5c5fd9fe4d847ebe128fc2b865b5e002a2cd69058659d,0,,,0,0.18991697403995272
3.5000000000000018,realtime_stream,0,0.05708222407620953,0.2393793380555917,0.26099885128890676,0.28641495807992445,8.27770497949036,50.0,50.0,1,1.0,0,0,0.0,1,0f23123355ccaf056ee09b48e0d346170c77c02495ec3ae3ae2f70d1f2cca9bc,0,,,0,0.27698428673923203
3.600000000000002,realtime_stream,0,0.04647817269939124,0.24428199397161734,0.2542122457578133,0.0,8.217318092585117,50.0,50.0,1,1.0,0,0,0.0,1,5d6fab2f75222aae63b3ceee27cc3997c3f1070f92c6f6d49c1745b9ee2ecb0c,0,,,0,0.2766089814985498
3.700000000000002,realtime_stream,0,0.053802646999571394,0.24115476861472565,0.24589380572083244,1.0187160865455844,8.205136085947963,50.0,50.0,1,1.0,0,0,0.0,1,0d8a2bfe737b6a74a652a29dabd0e76aaee0838e6209609401b83c5094958cbd,0,,,0,0.29060469147685153
3.800000000000002,realtime_stream,0,0.06003113889033892,0.2452690102601745,0.24060012059718333,0.01374562560116871,8.251503526720866,50.0,50.0,1,1.0,0,0,0.0,1,9a5e161138f5f3314e674a409ae0da22d366b13d9e72b873abaa4ee94fb99fe3,0,,,0,0.2736967280692746
3.900000000000002,realtime_stream,0,0.05377585821845444,0.24011965907232918,0.24998584743659993,1.195816931505314,8.200730637274063,50.0,50.0,1,1.0,0,0,0.0,1,7b5ddd2805231fe10718fb648d15055afa8e91542489b9b247f0e2bc9723e5e1,0,,,0,0.28181851457319357
4.000000000000002,realtime_stream,0,0.05775623387096427,0.243256956256529,0.24264147850979925,0.8524856915221101,8.122717478546242,50.0,50.0,1,1.0,0,0,0.0,1,2cc1f9f85c1ee5001cc636288c9b8d712e5e5d5d8cb0e8e566bfdb4e9c4289f8,0,,,0,0.28545894541052574
4.100000000000001,realtime_stream,0,0.04553236954436893,0.2398018192898019,0.24048329253338205,0.0,8.235730454193662,50.0,50.0,1,1.0,0,0,0.0,1,3b663f856210468724185908b30e9343fc939705d9e28929f31ffc56687eb384,0,,,0,0.29298717043128414
4.200000000000001,realtime_stream,0,0.04294530158530849,0.2454447529848368,0.24268075378113924,0.0,8.128469629074003,50.0,50.0,1,1.0,0,0,0.0,1,aed5440e4509d6df7540da1ccbcd6da64373ebbbc9e9825c1aa7aa69a721bde0,0,,,0,0.27514293295434655
4.300000000000001,realtime_stream,0,0.0542844233922559,0.2519451797869623,0.2509788121945395,1.1475793997833907,8.282876597760486,50.0,50.0,1,1.0,0,0,0.0,1,6d5d38d5bd55f7559ef5c2f8adfb3d9ccfc148d063196360fa331ad2660bfd0c,0,,,0,0.21427088369010783
4.4,realtime_stream,0,0.02710556612480044,0.24093227157384714,0.23800560679148433,0.8907887588335155,8.12074792615673,50.0,50.0,1,1.0,0,0,0.0,1,c2ad6ce68ac72a929388589f3967f03bd032e1dc5262357a65bb0b74c9830f75,0,,,0,0.26669029842971564
4.5,realtime_stream,0,0.04611159624022166,0.23614090461121623,0.24928682201789937,0.29648685844929346,8.168215309348941,50.0,50.0,1,1.0,0,0,0.0,1,4cd809aaa77f989e730974a2e6374b026e4a9eabcb7001ee0dc501fc1560593b,0,,,0,0.29330235717849323
4.6,realtime_stream,0,0.06484042670608846,0.24202490855480477,0.23442634374445634,0.9218244985425402,8.412215619701263,50.0,50.0,1,1.0,0,0,0.0,1,c3bb5546ed26973227fd5e8b88df1d650d2ef968f45a6121c1c70d6c4eba986d,0,,,0,0.22186170036771485
4.699999999999999,realtime_stream,0,0.05745607981100893,0.23634629298385174,0.23414497231148468,0.3436633202825956,8.38720056804723,50.0,50.0,1,1.0,0,0,0.0,1,e62369702f429e812b9698e307b8348e5c3f65b5563329ab0f61e00df2e712bf,0,,,0,0.24273885865510564
4.799999999999999,realtime_stream,0,0.01467818130522984,0.23487806179332854,0.2391428842388031,0.0,8.363241130393163,50.0,50.0,1,1.0,0,0,0.0,1,0d4cae5cf8cd9af34894fbd2c5b3da3fed89bcbf666c9d9e9f3fadc1de5accef,0,,,0,0.2041578733991674
4.899999999999999,realtime_stream,0,0.03275921816764321,0.23935793926730145,0.23797390373043753,0.49091925055594005,8.434799692845031,50.0,50.0,1,1.0,0,0,0.0,1,5493dadfae5def76899727b345c38e4e11e9f4ecd5a00fddb2a2fa63f06515a2,0,,,0,0.22100288392363
4.999999999999998,realtime_stream,0,0.03722303517549326,0.24231051737131634,0.24122040109063503,0.16133553515999555,8.206980208499001,50.0,50.0,1,1.0,0,0,0.0,1,0629daf0c59ce4b0cad810d386351e4552372338876ccade0811ec5d40a4fdfc,0,,,0,0.290492441887132
5.099999999999998,realtime_stream,0,0.04316822142292447,0.2305131150875567,0.24657034675269426,0.15371267712536252,8.411131764161624,50.0,50.0,1,1.0,0,0,0.0,1,fadef597ec9552f19d7521259e237461e345e96a7586375478813f2b2503f490,0,,,0,0.19661990718951322
5.1999999999999975,realtime_stream,0,0.04549102229202365,0.24294158603242288,0.24152980083030107,0.14980728659744585,8.179187774964271,50.0,50.0,1,1.0,0,0,0.0,1,0206e539375dbf7a462ec4436de5da326ef5eb9ff43f9fd9fda842f73f6869fc,0,,,0,0.2944751636048983
5.299999999999997,realtime_stream,0,0.042069567610088024,0.2368888141754686,0.23831551965244957,0.9370713968683423,8.345255024746237,50.0,50.0,1,1.0,0,0,0.0,1,23c803aad8bb5446b8b9843d4091fc8cafc43d0adb39585dab5e4c1c506ff074,0,,,0,0.259589452968529
5.399999999999997,realtime_stream,0,0.055121275967676284,0.24314814420961806,0.23592424671928627,0.1809074232863176,8.274729360512325,50.0,50.0,1,1.0,0,0,0.0,1,daec2959b5d13a645a3a4eeb62138aa976b1ad8f6755d70d11f957bc7fe3472f,0,,,0,0.2862496196348433
5.4999999999999964,realtime_stream,0,0.05309120321143391,0.23106164194034107,0.23394869170046503,0.12634601637453718,8.316193731774677,50.0,50.0,1,1.0,0,0,0.0,1,30f29497e6b5d1e9c9901b04a838ba31de372eb1e54689cf329fb0bb63c49420,0,,,0,0.24171315561549567
5.599999999999996,realtime_stream,0,0.044806850798716887,0.24549388425993593,0.2441654590060418,0.8676645503723223,8.330547880715432,50.0,50.0,1,1.0,0,0,0.0,1,e2ce174e2a1cab498c34f052d3688f657dd60f80d1a92e8e38d02af6f341a35d,0,,,0,0.2615501428402991
5.699999999999996,realtime_stream,0,0.04719084380356629,0.23880387601065123,0.24429844799284323,0.3253614697045404,8.13869053170916,50.0,50.0,1,1.0,0,0,0.0,1,f9711ed6eb725801dd3be1f84975935b3fa858539269cf7797064bacb9e2c0b8,0,,,0,0.2968228393833178
5.799999999999995,realtime_stream,0,0.04794863750519458,0.24297578512718457,0.23593017190354562,1.5070544676029034,8.099398261850029,50.0,50.0,1,1.0,0,0,0.0,1,5c4ffaddd265507b00dd8e61b36891ebb51f1948eb578f4d1370bd37482adbce,0,,,0,0.2391339240306673
5.899999999999995,realtime_stream,0,0.03483520767132793,0.24385339164761555,0.2433511210779704,0.1112720011242449,8.199118295375419,50.0,50.0,1,1.0,0,0,0.0,1,8483ea3fdef069f4efc129e2d8af50b3e827bc84ff0a4f8742766c818df179d0,0,,,0,0.2806604661987386
5.999999999999995,realtime_stream,0,0.056727111730846005,0.2392647130924893,0.23588430804140498,0.30014079940482125,8.241293145427562,50.0,50.0,1,1.0,0,0,0.0,1,60a877e337dd3b83088f9725781cdad7a429fc0ad0a79b931254013afed9c715,0,,,0,0.29322627294800657
6.099999999999994,realtime_stream,0,0.041337790753669126,0.2378334829654872,0.24102789478723352,0.7403797072308278,8.287254159143048,50.0,50.0,1,1.0,0,0,0.0,1,dbeeeaadb7146a8caff188418c0d90310fbb20a95c5755b59630b41964fed436,0,,,0,0.28655482468241694
6.199999999999994,realtime_stream,0,0.032493539075547875,0.23296268112811722,0.23641431680561537,0.35409511637608854,8.2310907565598,50.0,50.0,1,1.0,0,0,0.0,1,6662ca7417bf369a6f73dc64c02a2cbcf1354ceed7f22b8ab163d5b5f4613c35,0,,,0,0.26966008280339565
6.299999999999994,realtime_stream,0,0.061727457888077715,0.23848837878961845,0.23998205357443778,0.11964261643921442,8.195180451446419,50.0,50.0,1,1.0,0,0,0.0,1,a10283013aaf052e9d3941e366e97c457adb23e9044dae063ab4dfe6203de665,0,,,0,0.28897074417779495
6.399999999999993,realtime_stream,0,0.05020071890284295,0.2358638452822384,0.2426003567624072,1.2271798181690117,8.189123985154314,50.0,50.0,1,1.0,0,0,0.0,1,8bc315095d8c385f1892e8890fc0b44725936c9e59ae63e782fb6bdcd4b8a34e,0,,,0,0.28234981651829727
6.499999999999993,realtime_stream,0,0.0509903806868714,0.23828399381684415,0.2422910806079449,0.49563404685974183,8.298350430635846,50.0,50.0,1,1.0,0,0,0.0,1,a22e727dbe9e2a958bdf4ac9fea865faa7b3d301af041965219e853d2be6be67,0,,,0,0.2901968946951272
6.5999999999999925,realtime_stream,0,0.04794982355116161,0.23613495108072266,0.24012455987338158,0.7098048893919799,8.345114360779503,50.0,50.0,1,1.0,0,0,0.0,1,0d75e48f9d08681ba07c6f324de4f8724a1ad2ba53d9b3c73e30dae59936dc11,0,,,0,0.26903598060854145
6.699999999999992,realtime_stream,0,0.056565621249667124,0.246002057742067,0.24908193471980147,0.4053383086055206,8.29763091264811,50.0,50.0,1,1.0,0,0,0.0,1,b12e163d056d1a4e0a45e30e42bb300e09d6e3184993e16a29e4bd6ba8a52005,0,,,0,0.2728238216527627
6.799999999999992,realtime_stream,0,0.038575583202154325,0.23700303677277987,0.22938163502698067,0.19792567309068754,8.12408673384463,50.0,50.0,1,1.0,0,0,0.0,1,8ab89d228b8e9c71a5a93d2cd4816e07d261d7ac4a2ebe595720beb824a71ca1,0,,,0,0.2763419400680198
6.8999999999999915,realtime_stream,0,0.04847665657399582,0.2304364674146789,0.24181321144130988,0.7464761257009771,8.29705238200132,50.0,50.0,1,1.0,0,0,0.0,1,bd2f4ac61945b049ad25a8eea8c5f96f228698b2a8e1428143357c5ced24d2c4,0,,,0,0.2504511097335538
6.999999999999991,realtime_stream,0,0.03377032490635716,0.24915729382927176,0.24589781793030807,0.22621393888773633,8.028686547090912,50.0,50.0,1,1.0,0,0,0.0,1,73ac79c0f9b73530ae7ac00d08eab0b571e29f7383898dacac959daee0774bb7,0,,,0,0.21348992439805553
7.099999999999991,realtime_stream,0,0.06051133475628025,0.24137817578943702,0.24139407479422798,0.0,8.109870618133533,50.0,50.0,1,1.0,0,0,0.0,1,3e410081f5c9ea3e222c9bea86c8a31856a4f89d5701ac62dc7f854c06a920a8,0,,,0,0.2799803357389419
7.19999999999999,realtime_stream,0,0.04702501379168958,0.2402349029688237,0.2377500148437875,0.7722259445278704,8.09323795706174,50.0,50.0,1,1.0,0,0,0.0,1,949349a49e44941cff2cf92bc3bc87d494e5948517f98f8f0cf48b8deb3f5725,0,,,0,0.2852136388281154
7.29999999999999,realtime_stream,0,0.04554875646633643,0.2331570494222907,0.2426777138294598,0.9910241354705833,8.354137099691817,50.0,50.0,1,1.0,0,0,0.0,1,b9bff6bd6668507506cb2f0918faf05e559937e1acad905a69835bc95ae3c472,0,,,0,0.23822937218961232
7.39999999999999,realtime_stream,0,0.050295672467203054,0.23625756731721723,0.24775594956903488,0.5186378594744934,8.317929718406383,50.0,50.0,1,1.0,0,0,0.0,1,4eaf44a573030528d66777bec2a41330d93834193c5cab2eb00745fdf5fba541,0,,,0,0.27504174409726867
7.499999999999989,realtime_stream,0,0.04764770303838571,0.24513289923276038,0.24083058189376588,0.0,8.173090556207104,50.0,50.0,1,1.0,0,0,0.0,1,48336665b02afd48151e2be391951199dfd3ce8de1b5f824905bbc462173b2d8,0,,,0,0.2810272667785834
7.599999999999989,realtime_stream,0,0.05342626720502819,0.24684315778766175,0.23517548784817857,0.8038260306262432,8.305842448684958,50.0,50.0,1,1.0,0,0,0.0,1,0b0edc9bca8e2e7c281e52ee55c46221db5b585348900fee07a203fd87c56ed2,0,,,0,0.25868062879792686
7.699999999999989,realtime_stream,0,0.02938510501611811,0.24443031780123076,0.23931468918306537,0.5608674334129374,7.982913417186959,50.0,50.0,1,1.0,0,0,0.0,1,88241f48b5be47c3ec224676ba8ee24d504a3837d09522a5d891a75f361043f1,0,,,0,0.21707602749286525
7.799999999999988,realtime_stream,0,0.0632586495072549,0.23309949270892552,0.2314831460912969,0.43302631719731743,8.23840654489393,50.0,50.0,1,1.0,0,0,0.0,1,5d1b158b508d2878b4ec07ce9ee690124b2507d6d40d84af20cc95aac40db6fa,0,,,0,0.2643689039319626
7.899999999999988,realtime_stream,0,0.04664554223087157,0.2456133884239901,0.23279406459481475,0.3993444707971531,8.192469634524487,50.0,50.0,1,1.0,0,0,0.0,1,e303f9d1ef5525d177e6574a574f365ef4c41c060c99302da089d69351688b09,0,,,0,0.28286261259394185
7.999999999999988,realtime_stream,0,0.0506384689417166,0.2353006010683632,0.2374306977239604,0.0,8.193732090272682,50.0,50.0,1,1.0,0,0,0.0,1,1a49f33c1c29690ca22815b86927d53734929a3193c390222bfdb9e986e7432e,0,,,0,0.2832807595326269
8.099999999999987,realtime_stream,0,0.056523907280132,0.23776658264654665,0.237621667316442,0.05305053213267913,8.144097450676613,50.0,50.0,1,1.0,0,0,0.0,1,1126600e944960fad47f78e607d3842f3f98c6cec7cb806f44fb5663f36c4103,0,,,0,0.2866487922370987
8.199999999999987,realtime_stream,0,0.04590217868450838,0.23482378838790313,0.23723177138392057,0.0,8.396472513291638,50.0,50.0,1,1.0,0,0,0.0,1,d011b1bdb36cfd50a9f3e967b3c6cfa119d1d1dab5dc08eaf588d6f2d60a288f,0,,,0,0.2238348878846052
8.299999999999986,realtime_stream,0,0.047325116470266874,0.2425729449534527,0.2460231886979229,0.8864771704251464,8.137963627746444,50.0,50.0,1,1.0,0,0,0.0,1,e2461d915ae1cf39041e08ed5a19c8251f0503a467834660cc0420c78b6beff7,0,,,0,0.29143763797638245
8.399999999999986,realtime_stream,0,0.04166746848160861,0.23712090879677658,0.2386247514425987,0.0,8.048480893780145,50.0,50.0,1,1.0,0,0,0.0,1,b3727fce72757773e8b22069f51322c73e8f141494a3be66ef41f3e6423309cf,0,,,0,0.2586960701627299
8.499999999999986,realtime_stream,0,0.06064122189296193,0.24425701046189413,0.2350603281629894,0.47511030091756173,8.296862315630442,50.0,50.0,1,1.0,0,0,0.0,1,3eb4c1112c4fd1b700d62121eeb25aadd307b4c84b1116639d036feeccaaa7f6,0,,,0,0.27849957013305415
8.599999999999985,realtime_stream,0,0.045693302753353586,0.23522229779699785,0.23196777390226642,0.5625318336682734,8.12436492547157,50.0,50.0,1,1.0,0,0,0.0,1,705aa8d945a840b444d12262a2085fbd3679b938d27d139a8b59e5cc15ea3f01,0,,,0,0.2801157448482638
8.699999999999985,realtime_stream,0,0.032749941162427694,0.23469368683526703,0.2367281373670031,0.074187526488536,8.164921075482713,50.0,50.0,1,1.0,0,0,0.0,1,d4586a5716e8ba74e5422fff12a60dbd136d4044dcaeba16fc8e6c02d6ccb2a8,0,,,0,0.26862370545142283
8.799999999999985,realtime_stream,0,0.06384389430405332,0.24440819878474723,0.2399601398441845,1.2007720781671574,8.20773683076476,50.0,50.0,1,1.0,0,0,0.0,1,0ec594ba586cf4892088c8e63e98c5e9c874935eac8e1d271dd1285b5d797d87,0,,,0,0.26806727178055056
8.899999999999984,realtime_stream,0,0.03835963571290586,0.23779747720563238,0.2479101931862107,0.2667654115952022,8.133159803169672,50.0,50.0,1,1.0,0,0,0.0,1,25118becdf0e9b8aea043b8967e54ab7bf3f31b66eebd5168254d67d3baa50b8,0,,,0,0.2891755020673766
8.999999999999984,realtime_stream,0,0.0562342530323927,0.24954708320235064,0.23300716382202646,0.7422846231802037,8.134935743087816,50.0,50.0,1,1.0,0,0,0.0,1,b9f535ac46d991b3fd1e8ecb4c739d5fe603e96c4161e136b60d2a85a1b6968c,0,,,0,0.24945431200110973
9.099999999999984,realtime_stream,0,0.04210122359351999,0.2358570811449063,0.2372741552624341,0.0,8.268464220155517,50.0,50.0,1,1.0,0,0,0.0,1,4729399fd0b9034541765558f4b9cda8396ef95628ff4b0da89853eed5bb79d2,0,,,0,0.27826623488322905
9.199999999999983,realtime_stream,0,0.04458299686875942,0.235462181689792,0.23711614428459266,0.8384956155930027,8.250091718762437,50.0,50.0,1,1.0,0,0,0.0,1,c2ea012901c0e41b50395ade5e365deaca0647055060313de024551f1b5da4fc,0,,,0,0.2859189580590646
9.299999999999983,realtime_stream,0,0.037196924819643096,0.25021660244841154,0.2480980614751357,0.9273060721896116,8.123826508427218,50.0,50.0,1,1.0,0,0,0.0,1,3ff1c728f25eaf21d6adb7ed6563831d20b476b687e4f126bfdf9d6187425135,0,,,0,0.23732291977536707
9.399999999999983,realtime_stream,0,0.039339885650238944,0.2309755894966774,0.23186228833022915,0.4848424748163559,8.225972250172147,50.0,50.0,1,1.0,0,0,0.0,1,a659786aae78918fcf5f7591bef261a5fd6b880d0db29e8b7f315b33eaa6d378,0,,,0,0.25805176240929123
9.499999999999982,realtime_stream,0,0.03792931092593083,0.23430429135705058,0.24133871371540824,1.8526887128506495,8.038899439004478,50.0,50.0,1,1.0,0,0,0.0,1,1fbb6aa6a6c84f0510bd2448f54c4fa94e46c38cc18a5d63c9fe4848d46af0f2,0,,,0,0.18285953679236816
9.599999999999982,realtime_stream,0,0.03836834349533008,0.23807722227885086,0.24503146433412532,0.17235406606196946,8.283569211206514,50.0,50.0,1,1.0,0,0,0.0,1,9860aa184c1267c643de0a370f51a81c399a9dea148ffe64b89d3b11901d8825,0,,,0,0.2832122221665251
9.699999999999982,realtime_stream,0,0.03567540858014697,0.23638330458774381,0.2521692406064766,0.0,8.09673709309657,50.0,50.0,1,1.0,0,0,0.0,1,7ed5b348d963ae69819f16b134eccdd7e0a9f53e5c4a92eb18d85dbf46498f9e,0,,,0,0.2640872777215299
9.799999999999981,realtime_stream,0,0.05068393584446869,0.23698007406642088,0.24043294909704005,0.3829613827604727,8.31677820616598,50.0,50.0,1,1.0,0,0,0.0,1,1bfcd7f908700c0775b898c359955d1e5770ba2796418a9c2c40d41a16945704,0,,,0,0.27850358872370834
9.89999999999998,realtime_stream,0,0.049516685531879386,0.23702741973637875,0.24294164271118665,0.3015607450147181,8.168094297893365,50.0,50.0,1,1.0,0,0,0.0,1,06f0cd7931e57e47ecb7ce059e196d7be94feddb8ea7910f5201fc37980cb4d2,0,,,0,0.296310803354783
9.99999999999998,realtime_stream,0,0.04987022565898014,0.2503770039932272,0.2443556236056709,0.29778823416913647,8.320121392216393,50.0,50.0,1,1.0,0,0,0.0,1,fc8fca4ca13aa92da455d3de64c93a0b432fa8f0026f698ca7d35978140da76d,0,,,0,0.23182316034632428
10.09999999999998,realtime_stream,0,0.04289172335321047,0.2366179348975798,0.22884835052777083,0.986596520524242,8.115645503775452,50.0,50.0,1,1.0,0,0,0.0,1,fc79744906fbafb1b7c859e9ca277354d685903dfa638cd5baebcf1d7ce7e49b,0,,,0,0.26485299329098244
10.19999999999998,realtime_stream,0,0.05024175081616112,0.23890449735595568,0.24414702795498228,0.0,8.223561455810856,50.0,50.0,1,1.0,0,0,0.0,1,59404b2b7dd73e6ff3ea8538777f034e6a86cd786e23c05e1ba940d7403abaa8,0,,,0,0.29079012532122683
10.29999999999998,realtime_stream,0,0.05468112901373613,0.24082597190060287,0.24284468340887846,0.023396643232089176,8.159962712683244,50.0,50.0,1,1.0,0,0,0.0,1,0f7ccbfde60ea1d1830f0fb81e832fad6ded0bb259966c4ec6d2a0795d1d9095,0,,,0,0.28899549687416326
10.399999999999979,realtime_stream,0,0.05330029573320952,0.25135346428902194,0.2409093313024904,0.5849102932279269,8.154063910045975,50.0,50.0,1,1.0,0,0,0.0,1,6ffc60a9700fff1b57a6b2d3140091a67b66087c7e7a044657d01b44aa089c68,0,,,0,0.2415034559446092
10.499999999999979,realtime_stream,0,0.03847403337547378,0.2475488565622981,0.2420101724204843,0.28703663317141637,8.282913868458525,50.0,50.0,1,1.0,0,0,0.0,1,94b68cbec198b25cca36c4e36508806fff3f05937ba01d9e042f9c97e6150ba1,0,,,0,0.2639951933479143
10.599999999999978,realtime_stream,0,0.04427372771568033,0.23510618142108847,0.23777853371469598,0.6494502465655299,8.275698861664534,50.0,50.0,1,1.0,0,0,0.0,1,678e02c534ad60afdd846ef1ed617957fca3b3b3ab3e51134ae9ca7e9b4b5821,0,,,0,0.2865837500081964
10.699999999999978,realtime_stream,0,0.03775082382571529,0.24692951660645548,0.24504301476046914,0.0,8.228096432091819,50.0,50.0,1,1.0,0,0,0.0,1,f0085a11769c3221844ca48430813a0e58394a889c6a2fe5d3bd563411f878e3,0,,,0,0.2648526795519705
10.799999999999978,realtime_stream,0,0.029185274577613024,0.2474802215574459,0.24327182829012758,0.433007664568666,8.227996862631981,50.0,50.0,1,1.0,0,0,0.0,1,16d6e98fea0245f2d1e31c2367509c4f183515e99c04138b8eff2eb864cbef3f,0,,,0,0.2583913595392846
10.899999999999977,realtime_stream,0,0.03571758659304982,0.23898576890164924,0.24023457718097355,1.351881809285829,8.259027461906179,50.0,50.0,1,1.0,0,0,0.0,1,aa7b83aae144d19be5b8e0c47c54578d3f21eb89ff10e563ee7ad5bfad2f0108,0,,,0,0.26314435237788175
10.999999999999977,realtime_stream,0,0.0390677325111172,0.24235734178567997,0.24941012248700786,1.1335100230907336,8.35931866266394,50.0,50.0,1,1.0,0,0,0.0,1,ef753fc2348bbb3bf13a3b7f5e2e9ed543603bf5cc7eace153db4feebabf485c,0,,,0,0.23670497949626396
11.099999999999977,realtime_stream,0,0.04186032030091355,0.23954886167971895,0.24390536634153143,1.7301455508786043,8.252395266710778,50.0,50.0,1,1.0,0,0,0.0,1,4bb1af1e18bc8983bc10d787e4ae5f153f8629eed1aba1dd3c87aff943af69d9,0,,,0,0.23757088690377026
11.199999999999976,realtime_stream,0,0.045392398079178706,0.23786559465026288,0.23493947812626717,0.0,8.28231705839619,50.0,50.0,1,1.0,0,0,0.0,1,c08058d6211d54e0ac78f89771cbe5613245cfa4a09586a296aaae2a22c04ef7,0,,,0,0.2822732211772559
11.299999999999976,realtime_stream,0,0.047705656736661446,0.24635062773287858,0.2359076289167,0.0,8.173926483510817,50.0,50.0,1,1.0,0,0,0.0,1,cd8ac9c5c89855083914ca1c35e63f1bfd76af5af72996d3ec6794ede7afd45c,0,,,0,0.273653808934493
11.399999999999975,realtime_stream,0,0.04451504642377561,0.23863638215126165,0.22651556678671567,0.4336525667451638,8.176906546979131,50.0,50.0,1,1.0,0,0,0.0,1,5a07309d515c5eb150f6499a5cd0e7a3186ece7461e8ff6bedf355f310ab90f0,0,,,0,0.28489016677085505
11.499999999999975,realtime_stream,0,0.05393454071266325,0.23491403914727305,0.24258334654430047,0.0612447145903976,8.18354643419503,50.0,50.0,1,1.0,0,0,0.0,1,777660b006ca6ffc03d4ca62d36cb7fc0a86036116132f5534ec0937a4e594ba,0,,,0,0.2841078460154326
11.599999999999975,realtime_stream,0,0.07270607509694876,0.24029609217007245,0.24006964646035384,0.44873745644725443,8.219808476076786,50.0,50.0,1,1.0,0,0,0.0,1,b194ebd130c98539d7bbccadda6a2197cdb7e2608aa5b68aee2798c74e6246a6,0,,,0,0.282841471043913
11.699999999999974,realtime_stream,0,0.04552887294515198,0.25284963419845163,0.2344644777275874,1.1550911345218238,7.934064864295062,50.0,50.0,1,1.0,0,0,0.0,1,4f1f7b37798c038ad1bd3b18ed85b41842f5bd563ab11a9616875cea75711186,0,,,0,0.13298014642283018
11.799999999999974,realtime_stream,0,0.05943332898932396,0.22963304883795924,0.2382865620300357,0.2750795670033548,8.059248830528217,50.0,50.0,1,1.0,0,0,0.0,1,6d016b203f968b7e93f41b2774b806187a8f97ff719d4ba320b7d36ab8455ddf,0,,,0,0.21533825145244256
11.899999999999974,realtime_stream,0,0.03919431018840634,0.23819054514383498,0.23965205088576064,0.7034579982811577,8.122733285772652,50.0,50.0,1,1.0,0,0,0.0,1,1b9ba9d16a075439f9fd56f9951f9ff0eb374c6d132a6543b5eb73f49995c279,0,,,0,0.2909701766760294
11.999999999999973,realtime_stream,0,0.0541891977047232,0.23435474114391386,0.2373773986688436,0.7054872806146523,8.077787219110805,50.0,50.0,1,1.0,0,0,0.0,1,2b6e47e8dc3c0c1eb9ea499d6c7d2f204e884ff9b5f9fbefcd990e9293971683,0,,,0,0.26679233354771154
12.099999999999973,realtime_stream,0,0.054102461365996675,0.24406931954061803,0.23529793112734104,0.5781260025780592,8.225275550753787,50.0,50.0,1,1.0,0,0,0.0,1,c9e072787a28c0d69a4dbfdf5455e91e573e1c868b16b94cb170eb3460a9e54e,0,,,0,0.29238232455620305
12.199999999999973,realtime_stream,0,0.03616184378826038,0.2430796780347213,0.24296550628997632,0.30602678034338915,8.23261330222421,50.0,50.0,1,1.0,0,0,0.0,1,72fbdd4faceae56d63feb8479653c591339db8d237602ba79bf945b49513834c,0,,,0,0.28692947077287895
12.299999999999972,realtime_stream,0,0.03446134130039632,0.23379249384525438,0.23591847295482585,1.118683254141366,8.024689295306178,50.0,50.0,1,1.0,0,0,0.0,1,04a08f702a9f3880667748d9581d58a5d1f9a1689f9d89fc712ec0720418a488,0,,,0,0.22640030510367576
12.399999999999972,realtime_stream,0,0.034168183539279064,0.24877397090992182,0.2295903529606559,1.309028184145232,8.221101746720262,50.0,50.0,1,1.0,0,0,0.0,1,a6bad000b2882b0d76e1c1117337fb78d8bec01dc3598dd02602a513a11e8d11,0,,,0,0.21795532479342006
12.499999999999972,realtime_stream,0,0.04600534594553242,0.24485911345086367,0.2398452087468726,0.29294246355687314,8.334604420746471,50.0,50.0,1,1.0,0,0,0.0,1,6589093f50bb80f6ea0b328084f1a815f233b467343cd62f7688d4362bd243e4,0,,,0,0.26747311191633083
12.599999999999971,realtime_stream,0,0.050050494753152805,0.23144915803671687,0.23325907288951273,0.8324320470114754,8.217086543812794,50.0,50.0,1,1.0,0,0,0.0,1,45adf802e6a31107d2c636a5e046fc31256d4f5929b10fd9907cd91fea4b0495,0,,,0,0.2626470916082416
12.69999999999997,realtime_stream,0,0.04513264370070235,0.23355776310121337,0.240504087111301,0.0,8.25518636553095,50.0,50.0,1,1.0,0,0,0.0,1,0452bf7ef060f0eacc2dd6c429285fcc6036281abb92bbecabb073c6880db653,0,,,0,0.2694100549250595
12.79999999999997,realtime_stream,0,0.05726403343748329,0.24236298741206522,0.24128014867159225,0.9521454919728224,8.366547444446256,50.0,50.0,1,1.0,0,0,0.0,1,80bab25db8d0218752e2213438d6513089a24b2d5a210f0c307a57d7c27f32df,0,,,0,0.24961112173124717
12.89999999999997,realtime_stream,0,0.05711617771440645,0.239209492549649,0.24403296623958548,0.652606976908434,7.963027859051555,50.0,50.0,1,1.0,0,0,0.0,1,0bc0f9fcdd7bd1dbb7d4be6b6d0facac649e8e20821f0350a0e5ca8ca209cdc8,0,,,0,0.22401328695925005
12.99999999999997,realtime_stream,0,0.052149067268915106,0.23637128093423265,0.24093383382239808,0.08310853382337496,8.138848219700805,50.0,50.0,1,1.0,0,0,0.0,1,8ac1c05e58f4970f0db26225dfb7aecaa84d156454976ccb7d40239fe4ed5e41,0,,,0,0.286644478744886
13.09999999999997,realtime_stream,0,0.032905866095740706,0.24670655959850066,0.23558111105568807,0.7477834796008647,8.024642628209131,50.0,50.0,1,1.0,0,0,0.0,1,0254ec7d8e216387e65be4ddcd2ed0c783bb944cd8441816371ba9cd724f7423,0,,,0,0.23145728798579412
13.199999999999969,realtime_stream,0,0.051905656073031124,0.24092418061847437,0.23570821109910095,0.8109549397045157,8.142436217376222,50.0,50.0,1,1.0,0,0,0.0,1,d65d149d56c3adc4c311c0e8ab6be76f1dbab95863ad92edb894a2a150fa4ab5,0,,,0,0.29092984223024954
13.299999999999969,realtime_stream,0,0.04819257521067532,0.23155221386960864,0.24493561100064878,0.2847135082002196,8.22425204256125,50.0,50.0,1,1.0,0,0,0.0,1,96d827a8920836d2e53c2aa58fcabdb332c03a0537464eb518fff16b4b0c1bf6,0,,,0,0.2717494131855816
13.399999999999968,realtime_stream,0,0.0466225921592517,0.24885400317817755,0.23686516471106503,1.3670242789984755,8.270775193545546,50.0,50.0,1,1.0,0,0,0.0,1,8e44ac7a5a7c1a04ad825b6e15334fcf82124184028b5cb1a46aff8650150408,0,,,0,0.22359963817459555
13.499999999999968,realtime_stream,0,0.041347809305278344,0.23456109532369118,0.24464741253672673,0.0,8.314413520261642,50.0,50.0,1,1.0,0,0,0.0,1,14c6599ef01517eae325cbee708ffaba36a592947033b2f17f2e9c4ced80ad25,0,,,0,0.24879538057379175
13.599999999999968,realtime_stream,0,0.04622814277322034,0.24310336048775338,0.24088850500466844,0.0,8.238019785100596,50.0,50.0,1,1.0,0,0,0.0,1,4ad41cf42ab0003c40fe64d570261cd6c47ab6b645099c22c6e5d3382dc9fad4,0,,,0,0.2865438650586073
13.699999999999967,realtime_stream,0,0.05307833451705888,0.246431343067023,0.24531104925457015,0.23392784573178363,8.263294163379346,50.0,50.0,1,1.0,0,0,0.0,1,9f77432cbb725a03c91494b778ae89854f2cab6cc6cc152d9939ba39a343b710,0,,,0,0.27844750520847483
13.799999999999967,realtime_stream,0,0.05126865925554639,0.24103843843581554,0.24135789418597806,0.0,8.091894345959172,50.0,50.0,1,1.0,0,0,0.0,1,7ea6d537458efec931d4e29a56e01c4bf0992cf3bdeedfbaa9b032af70db655f,0,,,0,0.281187093711959
13.899999999999967,realtime_stream,0,0.05750400559754948,0.2456453471876757,0.23959792113145592,0.22807490879797576,8.288651741256905,50.0,50.0,1,1.0,0,0,0.0,1,dc5acf21eed8670f51edc3ac2ee5d04028c4873efebab2be61a57107a031ba76,0,,,0,0.2788202702677364
13.999999999999966,realtime_stream,0,0.047933684833630204,0.23768862355647477,0.23782751886283907,0.3062139382656821,8.22221337716337,50.0,50.0,1,1.0,0,0,0.0,1,784716fbbb7efca64e9396601e110dbb4ef59ddd2d36457fd1eceb878cf0ed52,0,,,0,0.29772570784150343
14.099999999999966,realtime_stream,0,0.04218499084758555,0.23869486373376603,0.24067492360409892,0.6670851983220626,8.007031540368583,50.0,50.0,1,1.0,0,0,0.0,1,6f92ca0de79e2ea84fd790045f8085fec10855a9298ada3ad05b765fe8eb4fe1,0,,,0,0.2549865693786067
14.199999999999966,realtime_stream,0,0.057290922458906636,0.23257219813481514,0.24133525132934663,0.9056153978117196,8.208228398927542,50.0,50.0,1,1.0,0,0,0.0,1,872acf78f6ab2d30816a75da7ef3fd96cdf297e5df7ff5c2dc1015e2051ec29c,0,,,0,0.270510895156522
14.299999999999965,realtime_stream,0,0.05762728081487377,0.24611585475295727,0.23658284104934965,0.20587121125001334,7.951538842091418,50.0,50.0,1,1.0,0,0,0.0,1,e5f66de36cdbe38530441e2bd9b894c08d466817cf9b08cc84d8e8b212ee81ee,0,,,0,0.19767876817525915
14.399999999999965,realtime_stream,0,0.04251745185021252,0.2472669223855885,0.24789786072865375,0.1993699864233664,8.157981318290414,50.0,50.0,1,1.0,0,0,0.0,1,36026dbc1c7c5fe4b11394a4bce8297fbbc435b5b19a4a0cb83527d28d8181ad,0,,,0,0.2664661519673527
14.499999999999964,realtime_stream,0,0.04415463097561515,0.2349694205345825,0.2347454402108592,0.0,8.079260416835362,50.0,50.0,1,1.0,0,0,0.0,1,b594cc54239cb1c4281ff79df5e53e3bfedc10c8386f0150e215b5c18dcd61cd,0,,,0,0.26267422535980706
14.599999999999964,realtime_stream,0,0.05681570104898605,0.23893005577887244,0.23975268145173795,0.7982097460833022,8.087727797843769,50.0,50.0,1,1.0,0,0,0.0,1,bb63042dc63aa668dc5fd4eb6574a348d770a5506a31dc0bc74cb89da2a8e383,0,,,0,0.2829079805334017
14.699999999999964,realtime_stream,0,0.05079657452606071,0.24583551457191818,0.24810554278893865,0.0,8.207396296407357,50.0,50.0,1,1.0,0,0,0.0,1,0262aa06fe12ada725b9364ed4a119e9a77e767c2bfc5ab947a55b72fba92afc,0,,,0,0.2728150871989577
14.799999999999963,realtime_stream,0,0.04074107179997255,0.23722261440419873,0.23681306436346747,1.055308265553776,8.342050424798984,50.0,50.0,1,1.0,0,0,0.0,1,9931e7d164ef156f8cfca5f527ec87d6494ce9820c2f1fddc17f4aaf30a7a091,0,,,0,0.255570002510987
14.899999999999963,realtime_stream,0,0.041265014126725424,0.24171809294767607,0.23811723674488872,0.10819463183510947,8.129637993707355,50.0,50.0,1,1.0,0,0,0.0,1,e49b3ed6a911ec5bc685a50b21b021d6b1971932a657971d510c0cd16fbe7cc1,0,,,0,0.2878895141385332
14.999999999999963,realtime_stream,0,0.06244752907752081,0.2489793883654776,0.2369360565475781,0.26694922003200794,8.22858653907249,50.0,50.0,1,1.0,0,0,0.0,1,8f294809e145a0a75dc09d54dbfed2f97dccb8655be57f1bef411261a5b228ca,0,,,0,0.25648889391273816
15.099999999999962,realtime_stream,0,0.05031704496409044,0.23574721770668902,0.24052367649319067,0.0,8.074265969957114,50.0,50.0,1,1.0,0,0,0.0,1,2ccba3c2930e693d2c4d42bc572adbabdb42f1bec8c143882971613898d6d31b,0,,,0,0.26967056025873987
15.199999999999962,realtime_stream,0,0.04664120733548222,0.24897278931758893,0.23741194350481917,0.5726939758194493,8.198357710392724,50.0,50.0,1,1.0,0,0,0.0,1,597f76138d05fe1ddb9c0381fe1e548c4d7848c8232c0ff38d290c2e81bdf9c8,0,,,0,0.26505399902705523
15.299999999999962,realtime_stream,0,0.058856409798701034,0.24602814038976417,0.2417156752550844,1.1227374018936067,8.08681838578673,50.0,50.0,1,1.0,0,0,0.0,1,071238a1bba579c3a9af178b2427076477963c7c220c7f03dfa92fcd43ecb759,0,,,0,0.25156592308769066
15.399999999999961,realtime_stream,0,0.05281175891747983,0.23820353954606469,0.24295327415346157,1.015151790291454,8.282048218119735,50.0,50.0,1,1.0,0,0,0.0,1,830127b4329bb1de768abe96136aef046bfd990da8a56c1454a5b165a3e26d88,0,,,0,0.28514387058049817
15.499999999999961,realtime_stream,0,0.05204521737529317,0.2450426041238929,0.2476584440062046,0.13620433754816036,8.248056210741074,50.0,50.0,1,1.0,0,0,0.0,1,33c5f8886203500af9e12df5c4b1182ad4f598d59fc3f8b2c0e58cd59080ad2f,0,,,0,0.2828135368395518
15.59999999999996,realtime_stream,0,0.04530129626105164,0.24073356843216662,0.2460325448325418,0.052332164506382006,8.23686733088729,50.0,50.0,1,1.0,0,0,0.0,1,20ea9909ca7388d737c238a9108f21b8871d162eb8681dd0159c1331bd52e8e4,0,,,0,0.2917813976402619
15.69999999999996,realtime_stream,0,0.04303908894094658,0.23887143176215334,0.24001707375589207,0.869676347938025,8.051060694035069,50.0,50.0,1,1.0,0,0,0.0,1,97551fe6a3a2b6ae47e64c690c47a07f838f11509e69317e2d6ed3d77703c5a6,0,,,0,0.2722115784452883
15.79999999999996,realtime_stream,0,0.033373915654420994,0.2437312678301361,0.2432274209057054,1.5424273616527302,8.169222176504698,50.0,50.0,1,1.0,0,0,0.0,1,f166a93323463657621f7ba7f260c4398ccc7e8f510663ba3227f7b5921f4552,0,,,0,0.23959640090450118
15.89999999999996,realtime_stream,0,0.04916398034085958,0.2426901117739842,0.24023977025141555,1.0652909720532329,8.055850575193638,50.0,50.0,1,1.0,0,0,0.0,1,1eec70d90f0302c3dfcf410dba08da74d02ea0e58a543d903fcc8566bca0b338,0,,,0,0.2623605571231233
15.99999999999996,realtime_stream,0,0.04250814091871491,0.24097044996449152,0.24536815874929888,0.0,8.213296967414687,50.0,50.0,1,1.0,0,0,0.0,1,8016dfaac4a8e15a9001404ea6da4747cb9366d70d09e44721e7dfd8ae0c61fa,0,,,0,0.28530412775637987
16.09999999999996,realtime_stream,0,0.03997126891482846,0.23759934066152075,0.24063901348683392,0.6443511333940337,8.147419461268704,50.0,50.0,1,1.0,0,0,0.0,1,b899ac42b62fc7e89f4624cf55645d8bf080c6bbc49da0bfac4e6dcc813fea82,0,,,0,0.2977244011107389
16.19999999999996,realtime_stream,0,0.0626277173565636,0.23967124869463505,0.23722400236653401,1.4013785347202952,8.055198609958374,50.0,50.0,1,1.0,0,0,0.0,1,b377e947744263155972f5af6dec5cb4488cff818519661ffb31952a0a1a0bd7,0,,,0,0.2320330139787508
16.29999999999996,realtime_stream,0,0.02498441749801937,0.24324318167360479,0.24493654449628313,1.0217265947134242,8.33105438246922,50.0,50.0,1,1.0,0,0,0.0,1,5b32127c3a836064a9862305b308505de9e3e6707fb2cf3b7c3d6c312ec5542d,0,,,0,0.23416559698933226
16.399999999999963,realtime_stream,0,0.0534744888438068,0.23950412068110308,0.24923318498023836,0.0,8.047447482907526,50.0,50.0,1,1.0,0,0,0.0,1,f8ab7fc11bac3d1070feaa17603dd9239e7465f9d364cea7adcbf7734ebcc93b,0,,,0,0.2615985313479793
16.499999999999964,realtime_stream,0,0.040053396365407744,0.2444894426938017,0.2389671641578434,0.1053640347943795,8.133087891888735,50.0,50.0,1,1.0,0,0,0.0,1,59794a11795c19d9cc7240f37dc8b20eda9eb5b351e7121e11f232783bf8acf7,0,,,0,0.2820079572566982
16.599999999999966,realtime_stream,0,0.03445708282231575,0.2472188230203663,0.23958924410803717,1.019447915794064,8.23427253463777,50.0,50.0,1,1.0,0,0,0.0,1,b6ffcf6a6a064840701a4bfc03f71f0c95d44a66fab96677d38f62b54f8bb86a,0,,,0,0.25877764920785407
16.699999999999967,realtime_stream,0,0.05154000925575803,0.2422996451291107,0.24303757163574755,0.0,8.232324576290898,50.0,50.0,1,1.0,0,0,0.0,1,f839f3e16f95e67925c4a7f268c2514d49584bd39311626098740ea94517809f,0,,,0,0.2892149811991418
16.79999999999997,realtime_stream,0,0.048937688761234895,0.24354501878794255,0.2395513215285639,1.1808586077247365,8.132360769794072,50.0,50.0,1,1.0,0,0,0.0,1,e36dca74294721029c1559ff906a6c83fe6f0b73e408898759cf68e75d68f68d,0,,,0,0.2742651609144631
16.89999999999997,realtime_stream,0,0.06498188139332835,0.2362958379601615,0.23992855484305017,0.0,8.256470106253614,50.0,50.0,1,1.0,0,0,0.0,1,7130fa395cdd4403de3d92539eaeb2423874021b3ad101d9997283772e1b28bc,0,,,0,0.2750972881362443
16.99999999999997,realtime_stream,0,0.04251064273207239,0.23055229634527233,0.23773846840375462,0.0,8.041609717651427,50.0,50.0,1,1.0,0,0,0.0,1,56bb9ae4ad9e9b012314e01b99671dc49d06960430b445a8af30d557a63db2a2,0,,,0,0.21043359496006425
17.099999999999973,realtime_stream,0,0.054576623625663165,0.2418606569554658,0.2423943608196592,0.44871151145093524,8.142899528036041,50.0,50.0,1,1.0,0,0,0.0,1,ae8fd608a142b2caf408a26cbc15d1d3cec4d81a846b0c221257021c395589a8,0,,,0,0.29657515289449593
17.199999999999974,realtime_stream,0,0.046936451673314505,0.23420817655403728,0.24751699150883577,0.8994811452878357,8.177903582617033,50.0,50.0,1,1.0,0,0,0.0,1,6080be487b56fca5300f70df1ff26d845920fec80a58be47627bd4af83a3b69e,0,,,0,0.2846917574730624
17.299999999999976,realtime_stream,0,0.0472413354541655,0.2356184066601291,0.2401883011658397,0.3262069341593056,8.191386155451664,50.0,50.0,1,1.0,0,0,0.0,1,ed4658de05bb9413245b8681c71874dabac36c30eded52fd3fcf442169d1b490,0,,,0,0.2957963633527775
17.399999999999977,realtime_stream,0,0.03695627696527103,0.23859449853557022,0.24898843263424764,0.781221430633505,8.14288210102172,50.0,50.0,1,1.0,0,0,0.0,1,5652eaa047c88e7686bd5b6c36cb2358b4071814e74147bfe6e533f5a2e7b5cc,0,,,0,0.2895919509574303
17.49999999999998,realtime_stream,0,0.05269830487778178,0.24137755281174125,0.23600727342196912,1.3667900620674358,8.235792572869176,50.0,50.0,1,1.0,0,0,0.0,1,69fb2aaf492a130c19f08d7a02f1bda5d906598667d6592f89aacc7ae6ef368e,0,,,0,0.2661038101663321
17.59999999999998,realtime_stream,0,0.055924409264497515,0.24317585900840985,0.2452477635765967,0.19318239421971606,8.331739406563432,50.0,50.0,1,1.0,0,0,0.0,1,aba583b84553d7cfae2f6c00a204fd8d30758e95b830397d80c7fa20cb453806,0,,,0,0.2658050007483377
17.69999999999998,realtime_stream,0,0.04894847311114418,0.24200671813512395,0.25091253512088546,0.276039191588885,8.220454939609073,50.0,50.0,1,1.0,0,0,0.0,1,69effc46ef4a0c52b33bd0cdc8a4e192818c039bc20328a7ecab58e765693616,0,,,0,0.2935171804286684
17.799999999999983,realtime_stream,0,0.040458297028075706,0.2375805708297284,0.23839826345902843,0.6728829732009582,8.252283548803549,50.0,50.0,1,1.0,0,0,0.0,1,e1a8c723e6a33f3f3fd7752e5234e82929051c34d6292d8e1827dbff053eb6fb,0,,,0,0.2961047466096984
17.899999999999984,realtime_stream,0,0.0412354770248344,0.2548250517586036,0.23951685546688392,0.0,8.275332576037723,50.0,50.0,1,1.0,0,0,0.0,1,fecd5807ed3663563eb4f8c54edc04d820460bc2095d2999d477f5362458a0bf,0,,,0,0.206081004862736
17.999999999999986,realtime_stream,0,0.047352511845902195,0.2406001566335913,0.2430675898636521,0.0,8.174262346257665,50.0,50.0,1,1.0,0,0,0.0,1,5c4200621282d80aa1b0171e7d3a8b1beb78956e0af148da2c7bc797aa470bc5,0,,,0,0.290941539240235
18.099999999999987,realtime_stream,0,0.030286636325444295,0.2446643954216431,0.24436579274309575,0.0,8.109839925396441,50.0,50.0,1,1.0,0,0,0.0,1,e2d8d72f045d20f104b9385f1be80013e426107f8689eb331d415ebf52aeedb4,0,,,0,0.2590823931347009
18.19999999999999,realtime_stream,0,0.049216995249819914,0.24523549151306076,0.24841963845728937,0.23135786856553003,8.307868083343129,50.0,50.0,1,1.0,0,0,0.0,1,0cf55d690f8121cf406f96857dd2feb97772377ac62620bec6193993ee150439,0,,,0,0.2726785510379245
18.29999999999999,realtime_stream,0,0.04658739236921312,0.23183523859729008,0.2371361578772574,0.8610491208829862,8.217927460442668,50.0,50.0,1,1.0,0,0,0.0,1,1812b13d9c02a6368d016529abbe2ca3773a63fbfc27e404c7adf2c281623fff,0,,,0,0.2694377094328444
18.39999999999999,realtime_stream,0,0.06173788056147915,0.24690045677073724,0.23687218649245237,0.6587017667187045,8.249403018628273,50.0,50.0,1,1.0,0,0,0.0,1,60fbac3644ea5d632811866e7c1a664b0f8763320d2ee166791f8bf18ff0be3e,0,,,0,0.2740586485741069
18.499999999999993,realtime_stream,0,0.04957921472245926,0.2416190006380297,0.23854255010503256,0.0,8.19495771482785,50.0,50.0,1,1.0,0,0,0.0,1,176e77bd506e39a342beb4bb6e3e4caaa0c7661a95daa5b149c46f32c438e7de,0,,,0,0.2905279660542816
18.599999999999994,realtime_stream,0,0.05468946417070364,0.22575728689684962,0.24574382850186052,0.0,8.163755905859686,50.0,50.0,1,1.0,0,0,0.0,1,c606fae7b2751d0e7d6eff31a95584315c037b23d9375dd7fe6d8aa66fad6d34,0,,,0,0.21395346201163618
18.699999999999996,realtime_stream,0,0.03577577811795875,0.2440364656240554,0.2337711697045015,1.0146602251408503,8.129192113380585,50.0,50.0,1,1.0,0,0,0.0,1,e62bc996d2642b2f24a6120ff5076e3b769b405e36ab590b3ed6ccf19e707025,0,,,0,0.2628517787482259
18.799999999999997,realtime_stream,0,0.04650327127542835,0.2423852041361156,0.2403841094553013,0.0,8.299626681944714,50.0,50.0,1,1.0,0,0,0.0,1,d42e98bbcd652cc827abf6094bb4a383a67ada6982d0c66ab31d586fcdd673be,0,,,0,0.2754867389371823
18.9,realtime_stream,0,0.04203491123260707,0.24324462105253497,0.23304001831405996,0.04160625444105742,8.25206644205342,50.0,50.0,1,1.0,0,0,0.0,1,d402b161ad8816eb94a805e42397908c0747239ed3f38ea4a2926063c735ab92,0,,,0,0.27731147506768156
19.0,realtime_stream,0,0.043756126552046366,0.2503837399178042,0.24190967726115778,0.6758208235955349,8.303028345403183,50.0,50.0,1,1.0,0,0,0.0,1,df473e47917843e6436c9ba34013cef2efbf6e1c1e005623050054c1db90369d,0,,,0,0.24290835734854627
19.1,realtime_stream,0,0.04936036865448533,0.23836559610160174,0.23724525942767288,0.48499255914290174,8.13124565486604,50.0,50.0,1,1.0,0,0,0.0,1,1049e16409622bf1a6a2a075f0616d8f8859c931a223df6fe9c2baf9d55b8950,0,,,0,0.29759799945863435
19.200000000000003,realtime_stream,0,0.054298877836375985,0.2395964170994571,0.24039317595158047,0.0,8.291632767470247,50.0,50.0,1,1.0,0,0,0.0,1,c5a10ef95cac6a1d3c5efcef7aefa089bae146ac14d050edb91469aa0720111e,0,,,0,0.28061698890843756
19.300000000000004,realtime_stream,0,0.05043736182320012,0.2294954056927404,0.25468876423583886,0.02523311798124167,8.240339002335407,50.0,50.0,1,1.0,0,0,0.0,1,36e28f8afaf7e6d4586c933cf4b29c1af5b53190956b5e6ebd46c9ecc8b96198,0,,,0,0.22950129248568635
19.400000000000006,realtime_stream,0,0.058054305231595354,0.23480047036437235,0.24306386952531286,0.0,8.13762310393042,50.0,50.0,1,1.0,0,0,0.0,1,f921ee5fdfd6da4a085a7b5d7ca560e06229e7ee379a238618f826c157f3f13a,0,,,0,0.27717800052493113
19.500000000000007,realtime_stream,0,0.06611279060288805,0.24273607969028502,0.23541420097401983,0.44535618221421003,8.400340726718209,50.0,50.0,1,1.0,0,0,0.0,1,ef365db8ac1ec130252f07b17692c030b182c495f59bd5dda950b17252ba9df9,0,,,0,0.22668935390809658
